,enh_start,enh_end,Gene,genomic element,H3K27ac-expression correlation p-values,relation
0,73075662,73078212,ENSG00000122884/P4HA1,enhancer intronic,P4HA1/ENST00000464310/0.015,containing
1,13889936,13892989,ENSG00000151474/FRMD4A,enhancer intronic,FRMD4A/ENST00000358621/0.021,containing
2,13889936,13892989,ENSG00000215227/NUTF2P5,enhancer intronic,.,closest
3,73075662,73078212,ENSG00000237768/RP11-344N10.2,enhancer intronic,.,closest
4,62544681,62547253,ENSG00000171914/TLN2,enhancer intronic,.,containing
5,62544681,62547253,ENSG00000259458/MGC15885,enhancer intronic,.,closest
6,19316053,19319291,ENSG00000072134/EPN2,enhancer intronic,EPN2/ENST00000441293/0.009,containing
7,19316053,19319291,ENSG00000235397/EPN2-AS1,enhancer intronic,.,closest
8,25848856,25850726,ENSG00000005020/SKAP2,enhancer intergenic,SKAP2/ENST00000345317/0.059,contacting
9,25848856,25850726,ENSG00000005073/HOXA11,enhancer intergenic,.,contacting
10,25848856,25850726,ENSG00000078399/HOXA9,enhancer intergenic,.,contacting
11,25848856,25850726,ENSG00000105991/HOXA1,enhancer intergenic,HOXA1/ENST00000355633/0.136,contacting
12,25848856,25850726,ENSG00000105996/HOXA2,enhancer intergenic,HOXA2/ENST00000222718/0.098,contacting
13,25848856,25850726,ENSG00000105997/HOXA3,enhancer intergenic,HOXA3/ENST00000612286/0.136,contacting
14,25848856,25850726,ENSG00000106004/HOXA5,enhancer intergenic,.,contacting
15,25848856,25850726,ENSG00000106006/HOXA6,enhancer intergenic,.,contacting
16,25848856,25850726,ENSG00000122592/HOXA7,enhancer intergenic,HOXA7/ENST00000519842/0.016,contacting
17,25848856,25850726,ENSG00000197576/HOXA4,enhancer intergenic,HOXA4/ENST00000428284/0.02,contacting
18,25848856,25850726,ENSG00000207584/MIR196B,enhancer intergenic,.,contacting
19,25848856,25850726,ENSG00000223561/AC003090.1,enhancer intergenic,AC003090.1/ENST00000446840/0.0,closest
20,25848856,25850726,ENSG00000233429/HOTAIRM1,enhancer intergenic,HOTAIRM1/ENST00000429611/0.005,contacting
21,25848856,25850726,ENSG00000240990/HOXA11-AS,enhancer intergenic,.,contacting
22,25848856,25850726,ENSG00000253187/HOXA10-AS,enhancer intergenic,.,contacting
23,25848856,25850726,ENSG00000253293/HOXA10,enhancer intergenic,.,contacting
24,25848856,25850726,ENSG00000253552/HOXA-AS2,enhancer intergenic,HOXA-AS2/ENST00000521687/0.036,contacting
25,25848856,25850726,ENSG00000254369/HOXA-AS3,enhancer intergenic,HOXA-AS3/ENST00000518947/0.037,contacting
26,25848856,25850726,ENSG00000257184/HOXA10-HOXA9,enhancer intergenic,.,contacting
27,25848856,25850726,ENSG00000270182/RP1-170O19.24,enhancer intergenic,.,contacting
28,25848856,25850726,ENSG00000272801/RP1-170O19.23,enhancer intergenic,.,contacting
29,25848856,25850726,ENSG00000273433/RP1-170O19.22,enhancer intergenic,RP1-170O19.22/ENST00000467897/0.086,contacting
30,25848856,25850726,ENSG00000273961/HOXA11-AS1_1,enhancer intergenic,.,contacting
31,25848856,25850726,ENSG00000274396/HOTAIRM1_4,enhancer intergenic,HOTAIRM1_4/ENST00000617934/0.04,contacting
32,25848856,25850726,ENSG00000274864/HOTAIRM1_3,enhancer intergenic,HOTAIRM1_3/ENST00000619974/0.059,contacting
33,25848856,25850726,ENSG00000276496/HOXA11-AS1_3,enhancer intergenic,.,contacting
34,25848856,25850726,ENSG00000276528/HOTAIRM1_1,enhancer intergenic,HOTAIRM1_1/ENST00000622675/0.051,contacting
35,25848856,25850726,ENSG00000276771/HOTAIRM1_2,enhancer intergenic,HOTAIRM1_2/ENST00000616712/0.034,contacting
36,25848856,25850726,ENSG00000277694/HOTAIRM1_5,enhancer intergenic,HOTAIRM1_5/ENST00000619311/0.038,contacting
37,25848856,25850726,ENSG00000277966/HOXA11-AS1_4,enhancer intergenic,.,contacting
38,25848856,25850726,ENSG00000278020/HOXA11-AS1_6,enhancer intergenic,.,contacting
39,25848856,25850726,ENSG00000278334/HOXA11-AS1_2,enhancer intergenic,.,contacting
40,25848856,25850726,ENSG00000278592/HOXA11-AS1_5,enhancer intergenic,.,contacting
41,43237512,43238477,ENSG00000253884/RP11-726G23.2,enhancer intergenic,.,closest
42,57777457,57780487,ENSG00000198561/CTNND1,enhancer intronic,.,containing;closest
43,57777457,57780487,ENSG00000254462/TMX2-CTNND1,enhancer intronic,.,containing
44,57777457,57780487,ENSG00000254732/RP11-691N7.6,enhancer intronic,.,containing
45,19726168,19729859,ENSG00000262681/RP11-311F12.1,enhancer intergenic,.,closest
46,1876725,1878851,ENSG00000280922/AL121760.1,enhancer intergenic,AL121760.1/ENST00000628973/0.058,closest
47,10225122,10229168,ENSG00000130816/DNMT1,enhancer intronic,DNMT1/ENST00000340748/0.001,containing
48,10225122,10229168,ENSG00000264266/MIR4322,enhancer intronic,MIR4322/ENST00000585009/0.014,closest
49,10225122,10229168,ENSG00000267534/S1PR2,enhancer intronic,S1PR2/ENST00000590320/0.01,containing
50,113602938,113605076,ENSG00000236397/DDX11L2,enhancer intergenic,DDX11L2/ENST00000437401/0.049,closest
51,23435341,23438233,ENSG00000125823/CSTL1,enhancer intergenic,CSTL1/ENST00000485969/0.115,closest
52,175770156,175773332,ENSG00000150625/GPM6A,enhancer intronic,GPM6A/ENST00000503563/0.024,containing;contacting
53,175770156,175773332,ENSG00000249106/RP11-806K15.1,enhancer intronic,.,closest
54,65382405,65383790,ENSG00000204778/RP11-15J10.1,enhancer intergenic,.,closest
55,63581548,63584703,ENSG00000133328/HRASLS2,enhancer intronic,HRASLS2/ENST00000255695/0.088,closest
56,63581548,63584703,ENSG00000176485/PLA2G16,enhancer intronic,PLA2G16/ENST00000323646/0.003,containing
59,106215502,106218679,ENSG00000201796/RNU6-392P,enhancer intergenic,.,closest
60,72186122,72187749,ENSG00000138303/ASCC1,enhancer intronic,.,containing
61,43361972,43363089,ENSG00000150201/FXYD4,enhancer intergenic,FXYD4/ENST00000476166/0.048,closest
62,6755243,6757437,ENSG00000223784/RP11-554I8.2,enhancer intergenic,.,closest
63,72186122,72187749,ENSG00000226701/RP11-570G20.1,enhancer intronic,.,closest
64,4291752,4295001,ENSG00000078237/TIGAR,enhancer intronic,TIGAR/ENST00000539671/0.051,closest
65,4291752,4295001,ENSG00000111224/PARP11,enhancer intronic,.,contacting
66,101776476,101778403,ENSG00000111670/GNPTAB,enhancer intronic,GNPTAB/ENST00000552009/0.0,containing
67,4291752,4295001,ENSG00000118971/CCND2,enhancer intronic,CCND2/ENST00000536537/0.002,containing
68,101776476,101778403,ENSG00000201168/RNA5SP368,enhancer intronic,.,closest
69,124926721,124928863,ENSG00000241129/RPL22P19,enhancer intergenic,.,closest
70,4291752,4295001,ENSG00000256862/RP11-664D1.1,enhancer intronic,.,contacting
71,70177319,70179116,ENSG00000257139/RP11-320P7.2,enhancer intronic,RP11-320P7.2/ENST00000552324/0.039,closest
72,70177319,70179116,ENSG00000257815/LINC01481,enhancer intronic,.,containing
73,69523540,69525931,ENSG00000140332/TLE3,enhancer intronic,.,contacting
74,69523540,69525931,ENSG00000245750/DRAIC,enhancer intronic,DRAIC/ENST00000559025/0.0,containing
75,69523540,69525931,ENSG00000259457/RP11-279F6.2,enhancer intronic,.,closest
76,46342703,46345191,ENSG00000259593/MTND5P40,enhancer intergenic,.,closest
77,69523540,69525931,ENSG00000280639/RP11-96C21.2,enhancer intronic,.,contacting
78,88387053,88389416,ENSG00000225614/ZNF469,enhancer intergenic,ZNF469/ENST00000565624/0.001,closest
79,59232777,59235903,ENSG00000153982/GDPD1,enhancer intronic,GDPD1/ENST00000583543/0.025,containing;closest
80,20992382,20993982,ENSG00000233098/CCDC144NL-AS1,enhancer intronic,CCDC144NL-AS1/ENST00000577968/0.054,containing
81,20992382,20993982,ENSG00000263986/RP11-746M1.1,enhancer intronic,.,closest
82,2379854,2382799,ENSG00000129968/ABHD17A,enhancer intergenic,.,contacting
83,2379854,2382799,ENSG00000133243/BTBD2,enhancer intergenic,BTBD2/ENST00000587825/0.006,contacting
84,2379854,2382799,ENSG00000178297/TMPRSS9,enhancer intergenic,.,closest
85,2379854,2382799,ENSG00000275468/LLNLR-304A6.2,enhancer intergenic,LLNLR-304A6.2/ENST00000615016/0.015,contacting
86,60294731,60296017,ENSG00000228590/AC007381.3,enhancer intergenic,.,closest
87,13276260,13278591,ENSG00000132182/NUP210,enhancer intergenic,.,closest
88,30679936,30682862,ENSG00000163513/TGFBR2,enhancer intronic,.,containing
89,178714098,178715957,ENSG00000197584/KCNMB2,enhancer intronic,.,containing
90,178714098,178715957,ENSG00000237978/KCNMB2-AS1,enhancer intronic,.,containing;closest
91,30679936,30682862,ENSG00000261468/RP11-1024P17.1,enhancer intronic,.,closest
92,178714098,178715957,ENSG00000275163/RP11-385J1.3,enhancer intronic,.,containing
93,183876195,183877046,ENSG00000173320/STOX2,enhancer intronic,STOX2/ENST00000513034/0.004,containing;closest
94,14153055,14158944,ENSG00000038382/TRIO,enhancer intronic,.,containing;closest
95,28346704,28350397,ENSG00000134014/ELP3,enhancer intronic,.,contacting
96,125218427,125220652,ENSG00000156831/NSMCE2,enhancer intronic,.,containing
97,28346704,28350397,ENSG00000186918/ZNF395,enhancer intronic,ZNF395/ENST00000344423/0.124,containing
98,28346704,28350397,ENSG00000214050/FBXO16,enhancer intronic,.,containing
99,125218427,125220652,ENSG00000242170/RN7SL329P,enhancer intronic,.,closest
100,28346704,28350397,ENSG00000253690/RP11-380I10.4,enhancer intronic,.,closest
101,28346704,28350397,ENSG00000254370/RP11-181B11.1,enhancer intronic,.,contacting
102,102728293,102730634,ENSG00000266799/AP003356.1,enhancer intergenic,.,closest
103,40103851,40110260,ENSG00000183337/BCOR,enhancer intronic,.,containing;closest
104,13993435,13995305,ENSG00000212663/RP1-122K4.3,enhancer intergenic,.,closest
105,132987648,132989218,ENSG00000240707/LINC01168,enhancer intergenic,.,closest
106,116358414,116360334,ENSG00000258346/RP11-148B3.2,enhancer intergenic,.,closest
107,64249385,64250441,ENSG00000136478/TEX2,enhancer intronic,.,containing;closest
108,80064002,80065287,ENSG00000141519/CCDC40,enhancer intronic,CCDC40/ENST00000574933/0.0,containing;closest
109,60645505,60647164,ENSG00000170836/PPM1D,enhancer intronic,PPM1D/ENST00000305921/0.033,containing
110,80064002,80065287,ENSG00000173894/CBX2,enhancer intronic,.,contacting
111,60645505,60647164,ENSG00000267295/CTD-2319I12.3,enhancer intronic,.,contacting
112,80064002,80065287,ENSG00000280351/CTD-2561B21.8,enhancer intronic,.,contacting
113,60645505,60647164,ENSG00000281267/AC110602.1,enhancer intronic,.,closest
114,9016454,9017826,ENSG00000242058/RPS4XP19,enhancer intergenic,.,closest
115,197235678,197238799,ENSG00000065413/ANKRD44,enhancer intronic,ANKRD44/ENST00000473081/0.002,containing
116,3649878,3652942,ENSG00000151360/ALLC,enhancer intergenic,.,closest
117,3649878,3652942,ENSG00000186487/MYT1L,enhancer intergenic,MYT1L/ENST00000460585/0.063,contacting
118,197235678,197238799,ENSG00000230482/ATP5G2P3,enhancer intronic,.,closest
119,21052117,21054511,ENSG00000225127/LINC00237,enhancer intergenic,LINC00237/ENST00000593272/0.001,closest
120,184601614,184604693,ENSG00000145191/EIF2B5,enhancer intronic,.,containing
121,69116262,69117147,ENSG00000163380/LMOD3,enhancer intronic,.,containing;closest
122,184601614,184604693,ENSG00000182580/EPHB3,enhancer intronic,.,closest
123,143410681,143413103,ENSG00000109458/GAB1,enhancer intronic,GAB1/ENST00000507070/0.024,containing
124,143410681,143413103,ENSG00000243175/RPSAP36,enhancer intronic,RPSAP36/ENST00000465940/0.003,closest
125,163314037,163315949,ENSG00000112530/PACRG,enhancer intronic,.,containing
126,163314037,163315949,ENSG00000281692/PACRG-AS1,enhancer intronic,PACRG-AS1/ENST00000626335/0.086,containing;closest
127,151198808,151200389,ENSG00000033050/ABCF2,enhancer intronic,ABCF2/ENST00000287844/0.08,contacting
128,151198808,151200389,ENSG00000033100/CHPF2,enhancer intronic,.,contacting
129,151198808,151200389,ENSG00000278685/IQCA1L,enhancer intronic,IQCA1L/ENST00000615129/0.004,containing;closest
130,30588357,30591387,ENSG00000197265/GTF2E2,enhancer intronic,.,containing
131,30588357,30591387,ENSG00000253112/CTD-2373N4.5,enhancer intronic,.,closest
132,218663965,218665567,ENSG00000212610/U3,enhancer intergenic,U3/ENST00000384034/0.055,closest
133,74135249,74137847,ENSG00000167178/ISLR2,enhancer intronic,ISLR2/ENST00000435464/0.019,containing
134,74135249,74137847,ENSG00000248540/RP11-247C2.2,enhancer intronic,RP11-247C2.2/ENST00000514871/0.037,closest
135,29686442,29688883,ENSG00000141298/SSH2,enhancer intronic,SSH2/ENST00000582084/0.06,containing
136,29686442,29688883,ENSG00000240531/RPL21P123,enhancer intronic,.,closest
137,29686442,29688883,ENSG00000264031/ABHD15-AS1,enhancer intronic,.,containing
138,25603541,25606311,ENSG00000242216/RN7SL97P,enhancer intergenic,.,closest
139,2293553,2296485,ENSG00000220008/LINGO3,enhancer intronic,LINGO3/ENST00000585527/0.112,closest
140,2293553,2296485,ENSG00000273734/LLfos-48D6.2,enhancer intronic,.,containing
141,238214619,238218468,ENSG00000132323/ILKAP,enhancer intergenic,ILKAP/ENST00000479400/0.037,closest
142,238214619,238218468,ENSG00000132329/RAMP1,enhancer intergenic,.,contacting
143,238214619,238218468,ENSG00000144485/HES6,enhancer intergenic,HES6/ENST00000450098/0.004,contacting
144,56111426,56113609,ENSG00000222118/RNA5SP487,enhancer intergenic,.,closest
145,173408824,173412079,ENSG00000164106/SCRG1,enhancer intergenic,.,closest
146,87077386,87079930,ENSG00000172493/AFF1,enhancer intronic,AFF1/ENST00000504956/0.038,containing
147,87077386,87079930,ENSG00000248196/RP11-476C8.2,enhancer intronic,.,closest
148,163148297,163150116,ENSG00000112530/PACRG,enhancer intronic,.,containing
149,53942406,53945283,ENSG00000146147/MLIP,enhancer intronic,MLIP/ENST00000502396/0.045,containing
150,38226603,38228604,ENSG00000183826/BTBD9,enhancer intronic,.,containing
151,38226603,38228604,ENSG00000200706/SNORD45,enhancer intronic,.,closest
152,163148297,163150116,ENSG00000225683/PACRG-AS3,enhancer intronic,PACRG-AS3/ENST00000614038/0.002,closest
153,53942406,53945283,ENSG00000236740/RP11-411K7.1,enhancer intronic,RP11-411K7.1/ENST00000431554/0.057,containing;closest
154,14193570,14199091,ENSG00000136267/DGKB,enhancer intronic,DGKB/ENST00000403963/0.0,containing
155,14193570,14199091,ENSG00000233167/EEF1A1P26,enhancer intronic,.,closest
156,10510797,10513411,ENSG00000184647/PRSS55,enhancer intronic,PRSS55/ENST00000328655/0.051,closest
157,10510797,10513411,ENSG00000253649/PRSS51,enhancer intronic,PRSS51/ENST00000523024/0.091,containing
158,103692393,103695674,ENSG00000123562/MORF4L2,enhancer intergenic,.,closest
159,103692393,103695674,ENSG00000123570/RAB9B,enhancer intergenic,.,contacting
160,13592743,13594766,ENSG00000162493/PDPN,enhancer intronic,PDPN/ENST00000513143/0.0,containing;closest
161,37082245,37084769,ENSG00000163873/GRIK3,enhancer intergenic,.,closest
162,121083334,121085991,ENSG00000066468/FGFR2,enhancer intergenic,.,contacting
163,121083334,121085991,ENSG00000224250/RP11-78A18.2,enhancer intergenic,.,contacting
164,121083334,121085991,ENSG00000236762/RP11-159H3.1,enhancer intergenic,.,closest
165,20110555,20113339,ENSG00000166833/NAV2,enhancer intronic,.,containing
166,20110555,20113339,ENSG00000254894/NAV2-AS1,enhancer intronic,.,closest
167,54675444,54678849,ENSG00000020577/SAMD4A,enhancer intronic,.,containing
168,54675444,54678849,ENSG00000274983/AL138994.1,enhancer intronic,.,closest
169,43439934,43442429,ENSG00000067369/TP53BP1,enhancer intronic,.,containing
170,22237875,22241979,ENSG00000221641/MIR1268A,enhancer intergenic,.,closest
171,43439934,43442429,ENSG00000243871/RN7SL487P,enhancer intronic,.,closest
172,22237875,22241979,ENSG00000265002/AC026495.1,enhancer intergenic,.,contacting
173,11718977,11720614,ENSG00000007174/DNAH9,enhancer intronic,DNAH9/ENST00000579828/0.001,containing
174,2980834,2984207,ENSG00000132359/RAP1GAP2,enhancer intronic,.,containing
175,2980834,2984207,ENSG00000262884/CTD-3060P21.1,enhancer intronic,.,closest
176,11718977,11720614,ENSG00000263623/AC005701.1,enhancer intronic,.,closest
177,48674919,48676343,ENSG00000142233/NTN5,enhancer intronic,.,closest
178,48674919,48676343,ENSG00000232871/SEC1P,enhancer intronic,SEC1P/ENST00000474419/0.114,containing
179,102226238,102228697,ENSG00000115598/IL1RL2,enhancer intronic,IL1RL2/ENST00000441515/0.136,containing
180,96875261,96876793,ENSG00000168754/FAM178B,enhancer intronic,FAM178B/ENST00000393526/0.1,containing
181,96875261,96876793,ENSG00000168758/SEMA4C,enhancer intronic,.,closest
182,104416096,104417862,ENSG00000198914/POU3F3,enhancer intergenic,.,contacting
183,102226238,102228697,ENSG00000205716/FAM183DP,enhancer intronic,.,closest
184,104416096,104417862,ENSG00000225765/AC068535.3,enhancer intergenic,.,closest
185,104416096,104417862,ENSG00000229743/LINC01159,enhancer intergenic,.,contacting
186,104416096,104417862,ENSG00000233639/LINC01158,enhancer intergenic,.,contacting
187,104416096,104417862,ENSG00000239587/AC018730.4,enhancer intergenic,.,contacting
188,104416096,104417862,ENSG00000256637/RP11-76I14.1,enhancer intergenic,RP11-76I14.1/ENST00000544869/0.01,contacting
189,104416096,104417862,ENSG00000269707/RP11-13J10.1,enhancer intergenic,.,contacting
190,51455931,51457577,ENSG00000101096/NFATC2,enhancer intronic,NFATC2/ENST00000396009/0.128,containing
191,31698127,31701162,ENSG00000171552/BCL2L1,enhancer intronic,BCL2L1/ENST00000376055/0.001,containing
192,31698127,31701162,ENSG00000236559/RP11-243J16.7,enhancer intronic,.,containing;closest
193,51455931,51457577,ENSG00000266761/MIR3194,enhancer intronic,.,closest
194,42443830,42445269,ENSG00000182057/OGFRP1,enhancer intronic,.,contacting
195,42443830,42445269,ENSG00000184983/NDUFA6,enhancer intronic,.,contacting
196,42443830,42445269,ENSG00000230107/CTA-126B4.7,enhancer intronic,.,containing;closest
197,42443830,42445269,ENSG00000237037/NDUFA6-AS1,enhancer intronic,.,contacting
198,42443830,42445269,ENSG00000270083/RP1-257I20.14,enhancer intronic,.,contacting
199,173669073,173672683,ENSG00000113742/CPEB4,enhancer intergenic,CPEB4/ENST00000334035/0.141,contacting
200,173669073,173672683,ENSG00000185056/C5orf47,enhancer intergenic,C5orf47/ENST00000522195/0.017,contacting
201,173669073,173672683,ENSG00000253428/CTB-43E15.2,enhancer intergenic,.,closest
202,42990996,42993942,ENSG00000271788/CTD-2201E18.5,enhancer intergenic,.,closest
203,132034759,132037735,ENSG00000229532/AC105443.2,enhancer intergenic,.,closest
204,8345380,8347852,ENSG00000275342/SGK223,enhancer intronic,SGK223/ENST00000622241/0.044,containing;closest
205,120262124,120264024,ENSG00000125355/TMEM255A,enhancer intronic,.,containing
206,21632161,21633110,ENSG00000149970/CNKSR2,enhancer intronic,.,containing
207,21632161,21633110,ENSG00000185915/KLHL34,enhancer intronic,.,closest
208,120262124,120264024,ENSG00000232042/RP11-45J1.1,enhancer intronic,.,closest
210,31949693,31951803,ENSG00000153339/TRAPPC8,enhancer intronic,TRAPPC8/ENST00000584604/0.007,containing;closest
211,61687623,61689731,ENSG00000134780/DAGLA,enhancer intronic,DAGLA/ENST00000540717/0.128,containing;closest
212,48424485,48425672,ENSG00000105447/GRWD1,enhancer intronic,GRWD1/ENST00000253237/0.116,closest
213,48424485,48425672,ENSG00000105464/GRIN2D,enhancer intronic,.,containing
214,238643340,238645722,ENSG00000234279/AC113618.1,enhancer intergenic,.,closest
215,200624007,200626283,ENSG00000118193/KIF14,enhancer intronic,.,closest
216,200624007,200626283,ENSG00000118197/DDX59,enhancer intronic,DDX59/ENST00000453944/0.02,containing
217,200624007,200626283,ENSG00000232237/ASCL5,enhancer intronic,ASCL5/ENST00000449188/0.056,contacting
218,117076628,117078857,ENSG00000160584/SIK3,enhancer intronic,SIK3/ENST00000488337/0.0,containing;closest
219,90397237,90398831,ENSG00000281904/CH17-132F21.5,enhancer intergenic,.,closest
220,106772283,106773642,ENSG00000174429/ABRA,enhancer intergenic,.,closest
221,97604846,97607051,ENSG00000196912/ANKRD36B,enhancer intergenic,.,closest
222,3248283,3249930,ENSG00000067082/KLF6,enhancer intronic,.,contacting
224,3248283,3249930,ENSG00000226762/RP11-298E9.6,enhancer intronic,.,containing;closest
228,100002787,100006266,ENSG00000106261/ZKSCAN1,enhancer intergenic,ZKSCAN1/ENST00000426572/0.027,closest
229,9369392,9371846,ENSG00000170310/STX8,enhancer intronic,.,containing
230,9369392,9371846,ENSG00000225751/AC087501.1,enhancer intronic,.,closest
231,94574916,94577942,ENSG00000163110/PDLIM5,enhancer intronic,PDLIM5/ENST00000506632/0.006,containing
232,94574916,94577942,ENSG00000249951/RP11-554D13.1,enhancer intronic,.,closest
233,109534852,109537309,ENSG00000156097/GPR61,enhancer intergenic,GPR61/ENST00000469383/0.027,closest
234,109534852,109537309,ENSG00000168710/AHCYL1,enhancer intergenic,AHCYL1/ENST00000393614/0.131,contacting
235,117564094,117565899,ENSG00000171435/KSR2,enhancer intronic,KSR2/ENST00000425217/0.0,containing
236,128380758,128382745,ENSG00000181234/TMEM132C,enhancer intronic,TMEM132C/ENST00000435159/0.005,containing
237,128380758,128382745,ENSG00000257025/RP11-553N19.1,enhancer intronic,RP11-553N19.1/ENST00000536216/0.016,closest
238,117564094,117565899,ENSG00000281843/AC079127.1,enhancer intronic,.,closest
239,26774632,26777806,ENSG00000257185/RP11-626P14.2,enhancer intronic,RP11-626P14.2/ENST00000548385/0.072,closest
240,26774632,26777806,ENSG00000257842/NOVA1-AS1,enhancer intronic,NOVA1-AS1/ENST00000548328/0.005,containing
241,26774632,26777806,ENSG00000257845/RP11-626P14.1,enhancer intronic,.,containing
243,134600430,134603920,ENSG00000073711/PPP2R3A,enhancer intronic,.,contacting
244,134600430,134603920,ENSG00000154928/EPHB1,enhancer intronic,EPHB1/ENST00000398015/0.003,containing;closest
245,134600430,134603920,ENSG00000174611/KY,enhancer intronic,KY/ENST00000503669/0.014,containing
246,24882697,24884972,ENSG00000070882/OSBPL3,enhancer intronic,OSBPL3/ENST00000459987/0.0,containing
247,24882697,24884972,ENSG00000238976/AC004016.1,enhancer intronic,.,closest
248,41776067,41778123,ENSG00000127124/HIVEP3,enhancer intronic,.,containing
249,41776067,41778123,ENSG00000264896/AL451006.1,enhancer intronic,.,closest
250,59516406,59519124,ENSG00000235469/MRPL50P4,enhancer intergenic,.,closest
254,15833053,15837097,ENSG00000178715/RP11-169K16.8,enhancer intronic,.,closest
255,15833053,15837097,ENSG00000179743/FLJ37453,enhancer intronic,FLJ37453/ENST00000317122/0.036,containing
256,42257759,42260188,ENSG00000198815/FOXJ3,enhancer intronic,.,containing;closest
257,131652483,131654511,ENSG00000182667/NTM,enhancer intronic,NTM/ENST00000374784/0.012,containing
258,131652483,131654511,ENSG00000224795/NTM-AS1,enhancer intronic,.,closest
259,48109611,48112095,ENSG00000136146/MED4,enhancer intergenic,MED4/ENST00000495013/0.073,closest
260,69687233,69689180,ENSG00000100647/SUSD6,enhancer intronic,.,containing
261,69687233,69689180,ENSG00000100650/SRSF5,enhancer intronic,.,closest
262,94935532,94937981,ENSG00000274379/RP11-179A9.3,enhancer intergenic,.,closest
263,3427907,3429101,ENSG00000095932/SMIM24,enhancer intronic,.,closest
264,3427907,3429101,ENSG00000141905/NFIC,enhancer intronic,.,containing;contacting
265,196111905,196115301,ENSG00000272211/RP11-347P5.1,enhancer intergenic,.,closest
266,161433448,161437209,ENSG00000026652/AGPAT4,enhancer intronic,.,closest
267,161433448,161437209,ENSG00000185345/PARK2,enhancer intronic,.,containing
268,25922047,25923728,ENSG00000158006/PAFAH2,enhancer intergenic,.,contacting
269,25922047,25923728,ENSG00000266763/AL033528.1,enhancer intergenic,.,closest
272,75640865,75642403,ENSG00000221795/MIR1324,enhancer intergenic,.,closest
273,4228890,4232262,ENSG00000250921/CTD-2008N3.1,enhancer intergenic,.,closest
274,137414957,137415957,ENSG00000177468/OLIG3,enhancer intergenic,.,closest
275,91192151,91194355,ENSG00000273381/RP11-305L7.7,enhancer intergenic,.,closest
276,6515556,6517602,ENSG00000104833/TUBB4A,enhancer intergenic,TUBB4A/ENST00000597686/0.008,closest
277,56768684,56770092,ENSG00000163946/FAM208A,enhancer intronic,.,closest
278,56768684,56770092,ENSG00000163947/ARHGEF3,enhancer intronic,.,containing
279,140471456,140472885,ENSG00000123908/AGO2,enhancer intergenic,AGO2/ENST00000518019/0.123,contacting
280,140471456,140472885,ENSG00000167632/TRAPPC9,enhancer intergenic,.,closest
281,140471456,140472885,ENSG00000280303/ERICD,enhancer intergenic,.,contacting
282,207812125,207814526,ENSG00000244567/AC096772.6,enhancer intergenic,.,closest
283,129962373,129965798,ENSG00000187239/FNBP1,enhancer intronic,FNBP1/ENST00000482107/0.002,containing
284,129962373,129965798,ENSG00000230684/RP11-409K20.6,enhancer intronic,.,closest
285,66003366,66003897,ENSG00000276878/MIR6074,enhancer intergenic,.,closest
286,42932663,42936063,ENSG00000100266/PACSIN2,enhancer intronic,PACSIN2/ENST00000507586/0.042,containing
287,42932663,42936063,ENSG00000242247/ARFGAP3,enhancer intronic,ARFGAP3/ENST00000263245/0.011,closest
288,1301450,1304800,ENSG00000160953/MUM1,enhancer intronic,MUM1/ENST00000590866/0.072,containing
289,1301450,1304800,ENSG00000240846/RPS15P9,enhancer intronic,.,closest
294,94434657,94436885,ENSG00000173588/CEP83,enhancer intronic,CEP83/ENST00000546783/0.0,containing
295,94434657,94436885,ENSG00000213250/RBMS2P1,enhancer intronic,.,closest
296,2727318,2730463,ENSG00000053918/KCNQ1,enhancer intronic,.,containing
297,2727318,2730463,ENSG00000269821/KCNQ1OT1,enhancer intronic,.,closest
298,96314612,96318133,ENSG00000163121/NEURL3,enhancer intronic,.,contacting
299,96314612,96318133,ENSG00000230747/AC021188.4,enhancer intronic,AC021188.4/ENST00000421534/0.005,containing;closest
300,234791422,234794506,ENSG00000278593/RP13-977E11.1,enhancer intergenic,.,closest
301,122154973,122157477,ENSG00000254303/RP11-398G24.2,enhancer intergenic,.,closest
302,9399095,9400864,ENSG00000252956/RNA5SP40,enhancer intergenic,.,closest
303,98133889,98135356,ENSG00000168658/VWA3B,enhancer intronic,VWA3B/ENST00000465930/0.055,containing;closest
304,112165499,112167161,ENSG00000106868/SUSD1,enhancer intronic,SUSD1/ENST00000528773/0.0,containing
305,136023710,136025788,ENSG00000130560/UBAC1,enhancer intronic,.,closest
306,136023710,136025788,ENSG00000148411/NACC2,enhancer intronic,NACC2/ENST00000371753/0.07,containing
307,112165499,112167161,ENSG00000200261/Y_RNA,enhancer intronic,Y_RNA/ENST00000384168/0.0,closest
308,52918920,52922225,ENSG00000179304/FAM156B,enhancer intergenic,.,closest
309,125015290,125016515,ENSG00000184992/BRI3BP,enhancer intronic,BRI3BP/ENST00000341446/0.085,containing
310,125015290,125016515,ENSG00000280634/THRIL,enhancer intronic,.,closest
311,26786401,26788828,ENSG00000123104/ITPR2,enhancer intronic,ITPR2/ENST00000545235/0.055,containing
312,26786401,26788828,ENSG00000256640/RP11-666F17.2,enhancer intronic,.,closest
313,77119864,77122446,ENSG00000009830/POMT2,enhancer intronic,POMT2/ENST00000556446/0.147,contacting
314,77119864,77122446,ENSG00000100577/GSTZ1,enhancer intronic,.,contacting
315,77119864,77122446,ENSG00000165548/TMEM63C,enhancer intronic,TMEM63C/ENST00000557504/0.053,containing;closest
316,77119864,77122446,ENSG00000259164/RP11-463C8.4,enhancer intronic,.,containing
317,96163783,96165527,ENSG00000228873/AC012307.2,enhancer intergenic,.,closest
318,57167956,57170409,ENSG00000245067/IGFBP7-AS1,enhancer intronic,IGFBP7-AS1/ENST00000515865/0.0,containing
319,57167956,57170409,ENSG00000250192/RP11-300M6.1,enhancer intronic,.,closest
320,153501109,153502356,ENSG00000182492/BGN,enhancer intronic,.,containing
321,153501109,153502356,ENSG00000213397/HAUS7,enhancer intronic,.,closest
322,153501109,153502356,ENSG00000273877/RP11-635O16.2,enhancer intronic,.,contacting
323,42709551,42711247,ENSG00000251517/RP11-109E24.1,enhancer intergenic,.,closest
324,3354632,3357622,ENSG00000137266/SLC22A23,enhancer intronic,.,containing
325,3354632,3357622,ENSG00000272320/RP11-506K6.4,enhancer intronic,.,closest
326,64772695,64775608,ENSG00000156755/IGKV1OR-2,enhancer intergenic,.,closest
327,16282303,16285087,ENSG00000267275/CTD-2562J15.6,enhancer intronic,CTD-2562J15.6/ENST00000588799/0.086,containing;closest
328,112071398,112074480,ENSG00000182968/SOX1,enhancer intergenic,.,closest
329,117672517,117675220,ENSG00000001626/CFTR,enhancer intronic,CFTR/ENST00000003084/0.065,containing
330,117672517,117675220,ENSG00000083622/AC000111.6,enhancer intronic,.,closest
331,33073300,33076007,ENSG00000004455/AK2,enhancer intronic,.,containing;closest
332,33073300,33076007,ENSG00000116497/S100PBP,enhancer intronic,.,contacting
333,33073300,33076007,ENSG00000134684/YARS,enhancer intronic,.,contacting
334,225745889,225749185,ENSG00000154380/ENAH,enhancer intronic,.,contacting
335,225745889,225749185,ENSG00000223306/RNU6-1304P,enhancer intronic,.,closest
336,225745889,225749185,ENSG00000227496/RP11-145A3.1,enhancer intronic,RP11-145A3.1/ENST00000448264/0.115,containing
337,7976262,7979942,ENSG00000227110/LMCD1-AS1,enhancer intronic,.,containing
338,7976262,7979942,ENSG00000266293/AC069276.1,enhancer intronic,.,closest
339,44192408,44193181,ENSG00000232124/AP001057.1,enhancer intergenic,.,closest
340,174039323,174040191,ENSG00000235414/RPSAP24,enhancer intergenic,.,closest
341,32963764,32965635,ENSG00000122642/FKBP9,enhancer intronic,.,containing;closest
343,164793699,164795613,ENSG00000185630/PBX1,enhancer intronic,.,containing
344,164793699,164795613,ENSG00000233693/RP11-506O24.1,enhancer intronic,.,closest
346,125766180,125767187,ENSG00000114547/ROPN1B,enhancer intergenic,.,contacting
347,125766180,125767187,ENSG00000272840/RP11-379B18.6,enhancer intergenic,RP11-379B18.6/ENST00000610060/0.0,closest
352,98037579,98039818,ENSG00000277946/RN7SL478P,enhancer intergenic,.,closest
353,55846414,55849695,ENSG00000123342/MMP19,enhancer intergenic,MMP19/ENST00000547685/0.0,closest
354,144272427,144276212,ENSG00000071894/CPSF1,enhancer intronic,CPSF1/ENST00000622776/0.05,contacting
355,144272427,144276212,ENSG00000147804/SLC39A4,enhancer intronic,.,contacting
356,144272427,144276212,ENSG00000160948/VPS28,enhancer intronic,VPS28/ENST00000530790/0.021,contacting
357,144272427,144276212,ENSG00000178209/PLEC,enhancer intronic,PLEC/ENST00000398774/0.119,contacting
358,144272427,144276212,ENSG00000178685/PARP10,enhancer intronic,.,contacting
359,144272427,144276212,ENSG00000178719/GRINA,enhancer intronic,GRINA/ENST00000527194/0.074,contacting
360,144272427,144276212,ENSG00000178814/OPLAH,enhancer intronic,.,contacting
361,144272427,144276212,ENSG00000178896/EXOSC4,enhancer intronic,EXOSC4/ENST00000525936/0.003,contacting
362,144272427,144276212,ENSG00000180921/FAM83H,enhancer intronic,.,contacting
363,144272427,144276212,ENSG00000182325/FBXL6,enhancer intronic,FBXL6/ENST00000527000/0.005,contacting
364,144272427,144276212,ENSG00000185000/DGAT1,enhancer intronic,DGAT1/ENST00000524844/0.0,contacting
365,144272427,144276212,ENSG00000185122/HSF1,enhancer intronic,HSF1/ENST00000528842/0.04,contacting
366,144272427,144276212,ENSG00000185189/NRBP2,enhancer intronic,.,contacting
367,144272427,144276212,ENSG00000186583/SPATC1,enhancer intronic,.,contacting
368,144272427,144276212,ENSG00000197363/ZNF517,enhancer intronic,ZNF517/ENST00000359971/0.044,contacting
369,144272427,144276212,ENSG00000197858/GPAA1,enhancer intronic,GPAA1/ENST00000530796/0.0,contacting
370,144272427,144276212,ENSG00000203499/FAM83H-AS1,enhancer intronic,.,contacting
371,144272427,144276212,ENSG00000204791/SMPD5,enhancer intronic,SMPD5/ENST00000528912/0.147,contacting
372,144272427,144276212,ENSG00000254690/GS1-393G12.12,enhancer intronic,GS1-393G12.12/ENST00000525023/0.012,contacting
373,144272427,144276212,ENSG00000255224/CTD-3065J16.9,enhancer intronic,.,contacting
374,144272427,144276212,ENSG00000260428/SCX,enhancer intronic,SCX/ENST00000567180/0.007,closest
375,144272427,144276212,ENSG00000261236/BOP1,enhancer intronic,BOP1/ENST00000569669/0.001,containing
376,144272427,144276212,ENSG00000261678/SCRT1,enhancer intronic,.,contacting
377,144272427,144276212,ENSG00000265660/MIR4664,enhancer intronic,.,contacting
378,144272427,144276212,ENSG00000272115/GS1-393G12.14,enhancer intronic,GS1-393G12.14/ENST00000607491/0.104,contacting
379,144272427,144276212,ENSG00000276472/MIR6847,enhancer intronic,.,contacting
432,120844183,120845387,ENSG00000275538/RNVU1-19,enhancer intergenic,RNVU1-19/ENST00000613023/0.08,closest
433,136052181,136054381,ENSG00000148411/NACC2,enhancer intronic,NACC2/ENST00000467669/0.07,containing;closest;contacting
